pseudo_time_bucket,n_rows,mean_MonthlyCharges,mean_TotalCharges,churn_rate
"[0,12)",2069,56.05601739971,254.15235665694848,0.4828419526341228
"[12,24)",1047,60.85329512893983,1044.2823782234957,0.29512893982808025
"[24,36)",876,65.12785388127854,1913.7453767123286,0.22031963470319635
"[36,48)",748,66.43061497326202,2774.244518716577,0.19518716577540107
"[48,60)",820,69.73512195121951,3733.126341463415,0.15
"[60,72)",1121,74.29661016949153,4926.775156110616,0.08296164139161463
"[72,84)",362,80.69585635359117,5812.44502762431,0.016574585635359115
