feature,category,population_pct,sample_pct,pct_delta,abs_pct_delta,feature_max_abs_pct_delta,test_method,test_statistic,p_value,p_warn_threshold,p_fail_threshold,delta_warn_threshold,delta_fail_threshold,status,reason,notes,p_value_str
gender,Female,0.51,0.495243504188556,-0.014756495811444004,0.014756495811444004,0.014756495811444004,chi_square,6.137025248833008,0.013237983291044635,0.05,0.01,0.02,0.05,WARN,p<0.05,"p=0.013238 (warn<0.05, fail<0.01)",0.013237983291044635
gender,Male,0.49,0.504756495811444,0.014756495811444004,0.014756495811444004,0.014756495811444004,chi_square,6.137025248833008,0.013237983291044635,0.05,0.01,0.02,0.05,WARN,p<0.05,"p=0.013238 (warn<0.05, fail<0.01)",0.013237983291044635
Contract,Month-to-month,0.55,0.5501916796819537,0.00019167968195366036,0.00019167968195366036,0.009335510435893785,chi_square,5.40002323390083,0.06720473202117544,0.05,0.01,0.02,0.05,OK,,,0.067204732021175440
Contract,One year,0.2,0.20914383075394008,0.009143830753940069,0.009143830753940069,0.009335510435893785,chi_square,5.40002323390083,0.06720473202117544,0.05,0.01,0.02,0.05,OK,,,0.067204732021175440
Contract,Two year,0.25,0.24066448956410622,-0.009335510435893785,0.009335510435893785,0.009335510435893785,chi_square,5.40002323390083,0.06720473202117544,0.05,0.01,0.02,0.05,OK,,,0.067204732021175440
