column,n_non_null,n_null,min,max,mean,std
tenure,7043,0,0.0,72.0,32.37114865824223,24.55773742286344
MonthlyCharges,7043,0,18.25,118.75,64.76169246059918,30.087910854936975
TotalCharges,7032,11,18.8,8684.8,2283.3004408418656,2266.610180714535
