column,mean,std,z_thresh,n_outliers
tenure,32.37114865824223,24.55773742286344,3.0,0
MonthlyCharges,64.76169246059918,30.087910854936975,3.0,0
TotalCharges,2283.300440841866,2266.610180714535,3.0,0
