{
  "accuracy": 0.8019872249822569,
  "precision": 0.6610169491525424,
  "recall": 0.5213903743315508,
  "f1": 0.5829596412556054,
  "roc_auc": 0.8418429822521895
}